                  epoch,         train/box_loss,         train/cls_loss,         train/dfl_loss,   metrics/precision(B),      metrics/recall(B),       metrics/mAP50(B),    metrics/mAP50-95(B),           val/box_loss,           val/cls_loss,           val/dfl_loss,                 lr/pg0,                 lr/pg1,                 lr/pg2
                      1,                 1.2032,                 2.7061,                 1.3985,                0.59558,                0.51793,                0.54816,                0.42423,                0.94223,                 2.5902,                 1.1386,             0.00011432,             0.00011432,             0.00011432
                      2,                0.93766,                 1.2738,                 1.1911,                0.78579,                0.55655,                0.63528,                0.47105,                0.99571,                 1.6272,                 1.1193,             0.00020285,             0.00020285,             0.00020285
                      3,                0.85222,                 1.0215,                 1.1111,                0.63278,                0.64337,                0.69513,                0.50163,                0.94932,                 1.3374,                  1.075,             0.00024893,             0.00024893,             0.00024893
                      4,                0.91286,                0.93602,                 1.1175,                0.70821,                0.68464,                0.74255,                0.53926,                0.94552,                 1.2231,                 1.0403,             0.00025258,             0.00025258,             0.00025258
                      5,                0.83644,                0.85686,                 1.0709,                0.78404,                0.70869,                0.77188,                0.56735,                0.91638,                 1.0513,                 1.0255,             0.00021378,             0.00021378,             0.00021378
                      6,                0.81538,                0.81716,                 1.0673,                0.75035,                0.81066,                0.80289,                0.59698,                 0.9006,                0.91866,                 1.0238,             0.00013254,             0.00013254,             0.00013254
